employee_id,system,entitlement,granted_date,last_used
E001,SSO,SSO:Login,2026-03-07,2026-10-06
E001,Email,Email:Mailbox,2025-09-21,2026-09-22
E001,Slack,Slack:Member,2025-11-13,2026-09-29
E001,ERP,ERP:ViewReports,2026-03-17,2026-08-25
E001,ERP,ERP:ApprovePayment,2024-12-18,2026-10-02
E001,Payroll,Payroll:Read,2025-04-23,2026-10-05
E001,Payroll,Payroll:Approve,2026-05-30,2026-10-02
E002,SSO,SSO:Login,2025-11-18,2026-09-23
E002,Email,Email:Mailbox,2025-01-28,2026-08-30
E002,Slack,Slack:Member,2026-06-02,2026-09-02
E002,GitHub,GitHub:Read,2025-12-08,2026-08-23
E002,GitHub,GitHub:Write,2024-12-18,2026-09-11
E002,GitHub,GitHub:Admin,2025-11-16,2026-09-09
E002,AWS,AWS:ReadOnly,2025-09-18,2026-08-17
E003,SSO,SSO:Login,2026-06-23,2026-08-20
E003,Email,Email:Mailbox,2026-01-17,2026-08-24
E003,Slack,Slack:Member,2025-04-23,2026-09-16
E003,ERP,ERP:ViewReports,2025-09-18,2026-09-28
E003,ERP,ERP:CreateVendor,2025-11-21,2026-08-20
E003,ERP,ERP:EnterInvoice,2025-07-20,2026-10-01
E004,SSO,SSO:Login,2026-03-27,2026-09-13
E004,Email,Email:Mailbox,2026-03-22,2026-09-15
E004,Slack,Slack:Member,2025-07-12,2026-08-30
E004,ERP,ERP:ViewReports,2025-10-02,2026-08-17
E004,ERP,ERP:CreateVendor,2026-05-16,2026-08-22
E004,ERP,ERP:EnterInvoice,2025-03-16,2026-09-03
E005,SSO,SSO:Login,2026-02-22,2026-08-09
E005,Email,Email:Mailbox,2025-06-07,2026-10-02
E005,Slack,Slack:Member,2024-12-11,2026-09-19
E005,ERP,ERP:ViewReports,2025-06-24,2026-09-01
E005,ERP,ERP:CreateVendor,2025-12-15,2026-08-23
E005,ERP,ERP:EnterInvoice,2026-04-19,2026-10-05
E006,SSO,SSO:Login,2025-11-08,2026-08-19
E006,Email,Email:Mailbox,2025-09-06,2026-10-02
E006,Slack,Slack:Member,2025-11-03,2026-08-13
E006,HRIS,HRIS:ViewEmployee,2026-03-18,2026-09-13
E006,HRIS,HRIS:EditEmployee,2025-09-18,2026-09-08
E006,Payroll,Payroll:Edit,2025-06-21,2026-09-27
E007,SSO,SSO:Login,2025-06-15,2026-09-15
E007,Email,Email:Mailbox,2025-11-27,2026-08-26
E007,Slack,Slack:Member,2025-09-29,2026-08-24
E007,HRIS,HRIS:ViewEmployee,2026-04-17,2026-08-30
E007,HRIS,HRIS:EditEmployee,2026-01-05,2026-09-03
E007,Payroll,Payroll:Edit,2025-10-22,2026-09-27
E008,SSO,SSO:Login,2025-03-13,2026-09-13
E008,Email,Email:Mailbox,2025-09-26,2026-08-09
E008,Slack,Slack:Member,2024-12-06,2026-09-23
E008,GitHub,GitHub:Read,2025-08-01,2026-08-15
E008,GitHub,GitHub:Write,2026-05-03,2026-09-23
E008,AWS,AWS:ReadOnly,2026-05-28,2026-08-17
E008,AWS,AWS:Developer,2025-08-10,2026-09-12
E009,SSO,SSO:Login,2025-09-28,2026-10-03
E009,Email,Email:Mailbox,2025-11-25,2026-08-10
E009,Slack,Slack:Member,2024-11-26,2026-08-12
E009,GitHub,GitHub:Read,2025-08-11,2026-09-24
E009,GitHub,GitHub:Write,2025-02-03,2026-09-12
E009,AWS,AWS:ReadOnly,2025-03-17,2026-09-28
E009,AWS,AWS:Developer,2025-10-01,2026-09-29
E010,SSO,SSO:Login,2025-10-20,2026-08-21
E010,Email,Email:Mailbox,2024-12-02,2026-09-03
E010,Slack,Slack:Member,2025-10-03,2026-08-21
E010,GitHub,GitHub:Read,2024-11-08,2026-09-10
E010,GitHub,GitHub:Write,2024-11-09,2026-09-12
E010,AWS,AWS:ReadOnly,2025-06-24,2026-09-23
E010,AWS,AWS:Developer,2025-09-02,2026-03-21
E011,SSO,SSO:Login,2025-02-09,2026-10-02
E011,Email,Email:Mailbox,2026-05-12,2026-08-13
E011,Slack,Slack:Member,2026-03-09,2026-09-28
E011,GitHub,GitHub:Read,2026-01-17,2026-08-18
E011,GitHub,GitHub:Write,2025-04-23,2026-08-30
E011,AWS,AWS:ReadOnly,2026-04-25,2026-09-13
E011,AWS,AWS:Developer,2025-06-04,2026-08-30
E012,SSO,SSO:Login,2025-03-07,2026-09-04
E012,Email,Email:Mailbox,2025-10-15,2026-09-02
E012,Slack,Slack:Member,2026-06-18,2026-08-25
E012,GitHub,GitHub:Read,2026-03-04,2026-08-25
E012,GitHub,GitHub:Write,2024-12-27,2026-08-20
E012,AWS,AWS:ReadOnly,2025-09-29,2026-08-19
E012,AWS,AWS:Developer,2025-07-16,2026-09-30
E013,SSO,SSO:Login,2025-09-02,2026-09-10
E013,Email,Email:Mailbox,2026-01-19,2026-09-08
E013,Slack,Slack:Member,2026-06-26,2026-08-22
E013,GitHub,GitHub:Read,2025-10-03,2026-09-05
E013,GitHub,GitHub:Write,2025-12-29,2026-09-05
E013,AWS,AWS:ReadOnly,2026-03-13,2026-08-13
E013,AWS,AWS:Developer,2025-08-28,2026-08-15
E014,SSO,SSO:Login,2025-01-26,2026-08-30
E014,Email,Email:Mailbox,2025-12-08,2026-09-28
E014,Slack,Slack:Member,2025-06-12,2026-08-20
E014,Directory,Directory:ManageUsers,2026-01-15,2026-09-03
E014,AWS,AWS:Admin,2025-09-02,2026-05-10
E014,HRIS,HRIS:ViewEmployee,2026-06-29,2026-08-30
E015,SSO,SSO:Login,2025-08-02,2026-09-06
E015,Email,Email:Mailbox,2026-06-10,2026-09-30
E015,Slack,Slack:Member,2025-06-23,2026-08-12
E015,Directory,Directory:ManageUsers,2025-08-19,2026-09-22
E015,AWS,AWS:Admin,2026-05-01,2026-09-22
E015,HRIS,HRIS:ViewEmployee,2024-11-26,2026-08-08
E016,SSO,SSO:Login,2026-04-10,2026-10-02
E016,Email,Email:Mailbox,2025-02-17,2026-08-16
E016,Slack,Slack:Member,2026-04-20,2026-08-20
E016,ERP,ERP:ViewReports,2024-12-31,2026-08-19
E016,ERP,ERP:ApprovePayment,2026-02-21,2026-09-29
E016,Payroll,Payroll:Read,2025-02-28,2026-08-08
E016,Payroll,Payroll:Approve,2024-12-14,2026-09-27
E017,SSO,SSO:Login,2025-10-01,2026-09-02
E017,Email,Email:Mailbox,2025-01-05,2026-09-02
E017,Slack,Slack:Member,2025-04-22,2026-09-02
E017,GitHub,GitHub:Read,2025-11-25,2026-09-02
E017,GitHub,GitHub:Write,2024-12-24,2026-09-02
E017,AWS,AWS:ReadOnly,2025-12-06,2026-09-02
E017,AWS,AWS:Developer,2025-08-14,2026-09-02
E019,SSO,SSO:Login,2025-05-17,2026-08-26
E019,Email,Email:Mailbox,2025-06-12,2026-09-09
E019,Slack,Slack:Member,2025-01-16,2026-09-09
E019,GitHub,GitHub:Read,2026-02-26,2026-09-22
E019,GitHub,GitHub:Write,2025-11-11,2026-10-03
E019,AWS,AWS:ReadOnly,2025-07-18,2026-10-06
E019,AWS,AWS:Developer,2024-12-09,2026-09-23
E020,SSO,SSO:Login,2025-11-16,2026-10-07
E020,Email,Email:Mailbox,2026-04-18,2026-08-23
E020,Slack,Slack:Member,2026-04-30,2026-09-23
E020,HRIS,HRIS:ViewEmployee,2026-04-21,2026-08-11
E020,HRIS,HRIS:EditEmployee,2026-05-28,2026-08-13
E020,Payroll,Payroll:Edit,2025-07-26,2026-10-03
E016,ERP,ERP:CreateVendor,2025-05-25,2026-09-05
E016,ERP,ERP:EnterInvoice,2025-05-25,2026-09-22
E019,ERP,ERP:ViewReports,2026-03-21,2026-09-20
E020,Directory,Directory:ManageUsers,2026-05-10,2026-08-26
